,Mean,MCSE,StdDev,MAD,5%,50%,95%,ESS_bulk,ESS_tail,ESS_bulk/s,R_hat
lp__,-481.598,0.0722496,3.83275,3.73975,-488.445,-481.193,-476.089,2890.41,4472.42,187.592,1.00054
raw_nu_ordered[1],-2.01013,0.023345,1.44526,1.40189,-4.50054,-1.94959,0.285654,3918.81,5071.32,254.336,1.00084
raw_nu_ordered[2],-0.670751,0.0132724,1.20175,1.21468,-2.67324,-0.662558,1.26925,8272.32,6933.21,536.885,0.999892
raw_nu_ordered[3],0.817965,0.0129776,1.24075,1.23464,-1.20946,0.803959,2.85518,9238.39,6579.84,599.584,1.00025
raw_nu_ordered[4],1.85192,0.0179069,1.4044,1.37717,-0.376082,1.80654,4.20363,6138.6,6290.59,398.403,1.00087
slip[1],0.223791,0.000866174,0.084207,0.0840043,0.0988419,0.21593,0.376683,8947.71,5287.77,580.719,1.00052
slip[2],0.213401,0.000832678,0.0814893,0.082206,0.0931129,0.205781,0.358623,9486.46,5494.64,615.684,1.00072
slip[3],0.210192,0.000811056,0.0814906,0.0797256,0.0923847,0.201519,0.358816,9755.31,5991.75,633.133,1.00015
slip[4],0.224697,0.000871151,0.0855071,0.0871074,0.0981702,0.21667,0.380187,9373.3,5602.35,608.34,1.00029
slip[5],0.311214,0.00115814,0.100306,0.103547,0.15166,0.307268,0.483521,7361.22,5384.24,477.753,1.00052
slip[6],0.264817,0.000950439,0.0893453,0.0924144,0.125417,0.260966,0.416675,8480.04,5714.98,550.366,1.00055
slip[7],0.201819,0.000805288,0.0776583,0.0785218,0.0874666,0.195019,0.341694,8921.12,5998.43,578.993,1.00041
slip[8],0.200449,0.000779968,0.0760275,0.0761421,0.0883768,0.193072,0.335298,9008.72,5470.4,584.678,1.00031
slip[9],0.182591,0.000706905,0.0703036,0.0690405,0.0792149,0.17578,0.309098,9333.78,5280.53,605.775,1.00025
slip[10],0.216906,0.00078678,0.0812967,0.0830344,0.0942898,0.209799,0.362158,10055.2,5605.98,652.593,1.00013
guess[1],0.093659,0.000394167,0.0402931,0.0388487,0.0389027,0.0875939,0.168481,9623.52,5799.25,624.579,1.00046
guess[2],0.143751,0.000543197,0.0512176,0.0506208,0.0691704,0.138844,0.235225,8612.07,5631.25,558.935,1.00012
guess[3],0.157908,0.000528157,0.0534114,0.053296,0.0793589,0.15312,0.253381,9727.09,5469.92,631.302,1.00029
guess[4],0.0829258,0.000409057,0.0377049,0.0364495,0.0321257,0.076832,0.153846,8191.9,5500.68,531.665,1.00012
guess[5],0.102464,0.000607988,0.0523332,0.0481417,0.0347897,0.0930036,0.20341,7092.23,5797.65,460.295,0.999887
guess[6],0.131755,0.00058196,0.0578626,0.0542164,0.0530376,0.123442,0.239503,9612.31,5901.81,623.852,0.999927
guess[7],0.218867,0.000692442,0.0658943,0.0658527,0.120489,0.212918,0.33706,9109.6,5422.52,591.225,1.00071
guess[8],0.219481,0.000630399,0.0663869,0.0685825,0.121029,0.214668,0.336582,11201.5,6296.28,726.995,1.00001
guess[9],0.259438,0.000720152,0.0714695,0.072055,0.149458,0.254357,0.38593,9681.25,5736.95,628.326,0.999876
guess[10],0.163309,0.000612911,0.0578964,0.0579911,0.0795613,0.157967,0.267754,8877.27,5957.76,576.147,1.00007
lambda1,0.453108,0.00192375,0.0948086,0.0824667,0.324787,0.439499,0.638499,3069.84,2385.21,199.237,1.00223
lambda2,0.656263,0.000887376,0.0740623,0.0740439,0.529932,0.657517,0.773827,6999.68,6245.02,454.289,1.00014
nu[1],0.0357416,0.00120579,0.0503845,0.0178725,0.000618476,0.0141602,0.161915,2594.15,2288.86,168.364,1.00259
nu[2],0.0841688,0.00151176,0.0760927,0.0634093,0.00448341,0.0574646,0.237868,3498.71,3924.29,227.071,1.00153
nu[3],0.261084,0.00159927,0.123783,0.133242,0.0360909,0.273449,0.446066,5757.0,5546.15,373.637,1.00014
nu[4],0.619005,0.00309009,0.181364,0.188521,0.340431,0.591645,0.943384,3078.52,2610.75,199.8,1.00163
"delta[1,1]",0.546892,0.00192375,0.0948086,0.0824667,0.361501,0.560501,0.675213,3069.84,2385.21,199.237,1.00223
"delta[1,2]",0.546892,0.00192375,0.0948086,0.0824667,0.361501,0.560501,0.675213,3069.84,2385.21,199.237,1.00223
"delta[1,3]",0.453108,0.00192375,0.0948086,0.0824667,0.324787,0.439499,0.638499,3069.84,2385.21,199.237,1.00223
"delta[1,4]",0.453108,0.00192375,0.0948086,0.0824667,0.324787,0.439499,0.638499,3069.84,2385.21,199.237,1.00223
"delta[2,1]",0.546892,0.00192375,0.0948086,0.0824667,0.361501,0.560501,0.675213,3069.84,2385.21,199.237,1.00223
"delta[2,2]",0.546892,0.00192375,0.0948086,0.0824667,0.361501,0.560501,0.675213,3069.84,2385.21,199.237,1.00223
"delta[2,3]",0.453108,0.00192375,0.0948086,0.0824667,0.324787,0.439499,0.638499,3069.84,2385.21,199.237,1.00223
"delta[2,4]",0.453108,0.00192375,0.0948086,0.0824667,0.324787,0.439499,0.638499,3069.84,2385.21,199.237,1.00223
"delta[3,1]",0.546892,0.00192375,0.0948086,0.0824667,0.361501,0.560501,0.675213,3069.84,2385.21,199.237,1.00223
"delta[3,2]",0.546892,0.00192375,0.0948086,0.0824667,0.361501,0.560501,0.675213,3069.84,2385.21,199.237,1.00223
"delta[3,3]",0.453108,0.00192375,0.0948086,0.0824667,0.324787,0.439499,0.638499,3069.84,2385.21,199.237,1.00223
"delta[3,4]",0.453108,0.00192375,0.0948086,0.0824667,0.324787,0.439499,0.638499,3069.84,2385.21,199.237,1.00223
"delta[4,1]",0.546892,0.00192375,0.0948086,0.0824667,0.361501,0.560501,0.675213,3069.84,2385.21,199.237,1.00223
"delta[4,2]",0.546892,0.00192375,0.0948086,0.0824667,0.361501,0.560501,0.675213,3069.84,2385.21,199.237,1.00223
"delta[4,3]",0.453108,0.00192375,0.0948086,0.0824667,0.324787,0.439499,0.638499,3069.84,2385.21,199.237,1.00223
"delta[4,4]",0.453108,0.00192375,0.0948086,0.0824667,0.324787,0.439499,0.638499,3069.84,2385.21,199.237,1.00223
"delta[5,1]",0.701766,0.0014583,0.0755334,0.0669578,0.558903,0.713121,0.804321,3212.69,2707.54,208.508,1.00101
"delta[5,2]",0.845126,0.0006044,0.0437132,0.0415943,0.766421,0.849768,0.906898,5575.51,4788.0,361.858,1.00014
"delta[5,3]",0.641971,0.00121813,0.0710484,0.0676719,0.532613,0.638185,0.766565,3663.15,2747.66,237.744,1.00077
"delta[5,4]",0.811137,0.000894481,0.0548243,0.0545645,0.717832,0.812543,0.899906,3681.03,3029.32,238.904,1.00091
"delta[6,1]",0.701766,0.0014583,0.0755334,0.0669578,0.558903,0.713121,0.804321,3212.69,2707.54,208.508,1.00101
"delta[6,2]",0.845126,0.0006044,0.0437132,0.0415943,0.766421,0.849768,0.906898,5575.51,4788.0,361.858,1.00014
"delta[6,3]",0.641971,0.00121813,0.0710484,0.0676719,0.532613,0.638185,0.766565,3663.15,2747.66,237.744,1.00077
"delta[6,4]",0.811137,0.000894481,0.0548243,0.0545645,0.717832,0.812543,0.899906,3681.03,3029.32,238.904,1.00091
"delta[7,1]",0.343737,0.000887376,0.0740623,0.0740439,0.226173,0.342483,0.470068,6999.68,6245.02,454.289,1.00014
"delta[7,2]",0.656263,0.000887376,0.0740623,0.0740439,0.529932,0.657517,0.773827,6999.68,6245.02,454.289,1.00014
"delta[7,3]",0.343737,0.000887376,0.0740623,0.0740439,0.226173,0.342483,0.470068,6999.68,6245.02,454.289,1.00014
"delta[7,4]",0.656263,0.000887376,0.0740623,0.0740439,0.529932,0.657517,0.773827,6999.68,6245.02,454.289,1.00014
"delta[8,1]",0.343737,0.000887376,0.0740623,0.0740439,0.226173,0.342483,0.470068,6999.68,6245.02,454.289,1.00014
"delta[8,2]",0.656263,0.000887376,0.0740623,0.0740439,0.529932,0.657517,0.773827,6999.68,6245.02,454.289,1.00014
"delta[8,3]",0.343737,0.000887376,0.0740623,0.0740439,0.226173,0.342483,0.470068,6999.68,6245.02,454.289,1.00014
"delta[8,4]",0.656263,0.000887376,0.0740623,0.0740439,0.529932,0.657517,0.773827,6999.68,6245.02,454.289,1.00014
"delta[9,1]",0.343737,0.000887376,0.0740623,0.0740439,0.226173,0.342483,0.470068,6999.68,6245.02,454.289,1.00014
"delta[9,2]",0.656263,0.000887376,0.0740623,0.0740439,0.529932,0.657517,0.773827,6999.68,6245.02,454.289,1.00014
"delta[9,3]",0.343737,0.000887376,0.0740623,0.0740439,0.226173,0.342483,0.470068,6999.68,6245.02,454.289,1.00014
"delta[9,4]",0.656263,0.000887376,0.0740623,0.0740439,0.529932,0.657517,0.773827,6999.68,6245.02,454.289,1.00014
"delta[10,1]",0.343737,0.000887376,0.0740623,0.0740439,0.226173,0.342483,0.470068,6999.68,6245.02,454.289,1.00014
"delta[10,2]",0.656263,0.000887376,0.0740623,0.0740439,0.529932,0.657517,0.773827,6999.68,6245.02,454.289,1.00014
"delta[10,3]",0.343737,0.000887376,0.0740623,0.0740439,0.226173,0.342483,0.470068,6999.68,6245.02,454.289,1.00014
"delta[10,4]",0.656263,0.000887376,0.0740623,0.0740439,0.529932,0.657517,0.773827,6999.68,6245.02,454.289,1.00014
"pi[1,1]",0.296407,0.00131334,0.086241,0.0881988,0.15624,0.294895,0.440537,4245.04,4368.21,275.509,1.00055
"pi[1,2]",0.296407,0.00131334,0.086241,0.0881988,0.15624,0.294895,0.440537,4245.04,4368.21,275.509,1.00055
"pi[1,3]",0.242533,0.00109528,0.0726287,0.0671275,0.142095,0.234155,0.372153,5389.42,3167.96,349.781,1.00147
"pi[1,4]",0.242533,0.00109528,0.0726287,0.0671275,0.142095,0.234155,0.372153,5389.42,3167.96,349.781,1.00147
"pi[2,1]",0.362003,0.00142361,0.088048,0.0884916,0.212813,0.36385,0.50233,3893.47,4508.43,252.691,1.00056
"pi[2,2]",0.362003,0.00142361,0.088048,0.0884916,0.212813,0.36385,0.50233,3893.47,4508.43,252.691,1.00056
"pi[2,3]",0.308949,0.00105736,0.0736492,0.069882,0.200043,0.303162,0.436511,5729.72,3852.58,371.866,1.00077
"pi[2,4]",0.308949,0.00105736,0.0736492,0.069882,0.200043,0.303162,0.436511,5729.72,3852.58,371.866,1.00077
"pi[3,1]",0.379024,0.00135762,0.0887638,0.0912266,0.230107,0.380907,0.521916,4332.65,4691.99,281.195,1.00064
"pi[3,2]",0.379024,0.00135762,0.0887638,0.0912266,0.230107,0.380907,0.521916,4332.65,4691.99,281.195,1.00064
"pi[3,3]",0.325936,0.00105365,0.0737351,0.0684212,0.215269,0.32093,0.455984,5652.08,3980.58,366.828,1.00178
"pi[3,4]",0.325936,0.00105365,0.0737351,0.0684212,0.215269,0.32093,0.455984,5652.08,3980.58,366.828,1.00178
"pi[4,1]",0.280461,0.00132862,0.0865356,0.090781,0.142414,0.278714,0.424974,4128.37,4617.05,267.937,1.00022
"pi[4,2]",0.280461,0.00132862,0.0865356,0.090781,0.142414,0.278714,0.424974,4128.37,4617.05,267.937,1.00022
"pi[4,3]",0.226502,0.00119329,0.0714907,0.0661595,0.126603,0.218647,0.353467,4476.41,3313.91,290.525,1.00131
"pi[4,4]",0.226502,0.00119329,0.0714907,0.0661595,0.126603,0.218647,0.353467,4476.41,3313.91,290.525,1.00131
"pi[5,1]",0.383,0.00115638,0.0824736,0.0826951,0.246372,0.382337,0.519609,5139.91,4536.58,333.587,1.0002
"pi[5,2]",0.503365,0.000841048,0.077009,0.0785362,0.37726,0.502319,0.631079,8469.57,6297.29,549.687,0.999978
"pi[5,3]",0.338129,0.00100561,0.0764833,0.0759242,0.219252,0.334945,0.46975,6007.35,4921.01,389.885,1.0004
"pi[5,4]",0.469041,0.000905807,0.0755117,0.0762352,0.349237,0.467425,0.598067,7145.44,5045.43,463.749,1.00012
"pi[6,1]",0.434243,0.00119309,0.0850775,0.0844915,0.289173,0.43699,0.569034,5207.86,4892.97,337.997,1.00133
"pi[6,2]",0.555812,0.00080278,0.0737788,0.0754704,0.435608,0.55542,0.676679,8495.85,6483.78,551.392,1.00117
"pi[6,3]",0.389534,0.00101114,0.0769168,0.0754511,0.267093,0.387942,0.518798,5972.95,4578.66,387.652,1.00038
"pi[6,4]",0.522932,0.00092232,0.0730558,0.0718584,0.40444,0.521711,0.644186,6465.26,4820.05,419.604,1.00137
"pi[7,1]",0.339133,0.000751724,0.0747771,0.0754396,0.21969,0.337319,0.465619,9892.11,6234.7,642.011,1.00022
"pi[7,2]",0.507108,0.00076001,0.0732225,0.0744493,0.386542,0.507693,0.627272,9346.26,5945.95,606.585,1.00015
"pi[7,3]",0.339133,0.000751724,0.0747771,0.0754396,0.21969,0.337319,0.465619,9892.11,6234.7,642.011,1.00022
"pi[7,4]",0.507108,0.00076001,0.0732225,0.0744493,0.386542,0.507693,0.627272,9346.26,5945.95,606.585,1.00015
"pi[8,1]",0.339964,0.000740659,0.0756307,0.0777858,0.217545,0.338379,0.466821,10452.9,6023.47,678.409,1.00094
"pi[8,2]",0.508047,0.000750665,0.0715872,0.0731739,0.390288,0.507742,0.625681,9183.16,5324.0,596.0,0.99986
"pi[8,3]",0.339964,0.000740659,0.0756307,0.0777858,0.217545,0.338379,0.466821,10452.9,6023.47,678.409,1.00094
"pi[8,4]",0.508047,0.000750665,0.0715872,0.0731739,0.390288,0.507742,0.625681,9183.16,5324.0,596.0,0.99986
"pi[9,1]",0.38237,0.000805938,0.0775914,0.0786682,0.256063,0.381511,0.511865,9286.24,6317.54,602.69,0.999893
"pi[9,2]",0.547413,0.00073649,0.0709674,0.0718115,0.430345,0.547514,0.665096,9345.24,6700.47,606.518,0.999835
"pi[9,3]",0.38237,0.000805938,0.0775914,0.0786682,0.256063,0.381511,0.511865,9286.24,6317.54,602.69,0.999893
"pi[9,4]",0.547413,0.00073649,0.0709674,0.0718115,0.430345,0.547514,0.665096,9345.24,6700.47,606.518,0.999835
"pi[10,1]",0.277382,0.000783502,0.0733015,0.0759554,0.162612,0.275412,0.399576,8731.59,5991.99,566.692,0.999892
"pi[10,2]",0.451955,0.000763513,0.0745164,0.0755452,0.330323,0.450319,0.578143,9684.33,6450.76,628.526,0.999837
"pi[10,3]",0.277382,0.000783502,0.0733015,0.0759554,0.162612,0.275412,0.399576,8731.59,5991.99,566.692,0.999892
"pi[10,4]",0.451955,0.000763513,0.0745164,0.0755452,0.330323,0.450319,0.578143,9684.33,6450.76,628.526,0.999837
theta1[1],0.546892,0.00192375,0.0948086,0.0824667,0.361501,0.560501,0.675213,3069.84,2385.21,199.237,1.00223
theta1[2],0.546892,0.00192375,0.0948086,0.0824667,0.361501,0.560501,0.675213,3069.84,2385.21,199.237,1.00223
theta1[3],0.453108,0.00192375,0.0948086,0.0824667,0.324787,0.439499,0.638499,3069.84,2385.21,199.237,1.00223
theta1[4],0.453108,0.00192375,0.0948086,0.0824667,0.324787,0.439499,0.638499,3069.84,2385.21,199.237,1.00223
theta2[1],0.343737,0.000887376,0.0740623,0.0740439,0.226173,0.342483,0.470068,6999.68,6245.02,454.289,1.00014
theta2[2],0.656263,0.000887376,0.0740623,0.0740439,0.529932,0.657517,0.773827,6999.68,6245.02,454.289,1.00014
theta2[3],0.343737,0.000887376,0.0740623,0.0740439,0.226173,0.342483,0.470068,6999.68,6245.02,454.289,1.00014
theta2[4],0.656263,0.000887376,0.0740623,0.0740439,0.529932,0.657517,0.773827,6999.68,6245.02,454.289,1.00014
log_nu[1],-4.3864,0.0304115,1.6798,1.70103,-7.38825,-4.25732,-1.82068,2594.15,2288.86,168.364,1.00259
log_nu[2],-3.04702,0.0186074,1.26345,1.30085,-5.40737,-2.85659,-1.43604,3498.71,3924.29,227.071,1.00153
log_nu[3],-1.5583,0.0101942,0.834234,0.467588,-3.32172,-1.29664,-0.807289,5757.0,5546.15,373.637,1.0001
log_nu[4],-0.524347,0.00565809,0.303944,0.32221,-1.07754,-0.524848,-0.0582819,3078.52,2610.75,199.8,1.00163
"prob_resp_class[1,1]",0.0494548,0.00229254,0.0916806,0.0151141,0.000402826,0.0113827,0.273712,2496.55,2161.29,162.03,1.00255
"prob_resp_class[1,2]",0.0748348,0.00220344,0.097414,0.0388862,0.00176104,0.0315638,0.300296,3183.09,2799.69,206.587,1.00153
"prob_resp_class[1,3]",0.314679,0.00229639,0.166644,0.191562,0.0419851,0.316193,0.581337,5384.07,5672.53,349.434,1.00019
"prob_resp_class[1,4]",0.561031,0.00406097,0.226219,0.236345,0.18898,0.539055,0.945139,2968.87,2204.55,192.683,1.00165
"prob_resp_class[2,1]",0.0470808,0.0017016,0.0709157,0.0219842,0.000697098,0.0171454,0.213318,2585.12,2492.02,167.777,1.00258
"prob_resp_class[2,2]",0.0685008,0.0013742,0.0673335,0.0488176,0.00320619,0.0432813,0.207603,3465.61,3560.1,224.923,1.00162
"prob_resp_class[2,3]",0.338408,0.00222306,0.16861,0.176481,0.0444491,0.350358,0.5996,5750.09,5889.07,373.188,1.00029
"prob_resp_class[2,4]",0.546011,0.00364957,0.217522,0.230607,0.230608,0.511568,0.934865,3209.92,2818.86,208.328,1.00145
"prob_resp_class[3,1]",0.0277295,0.00102575,0.0429368,0.0126502,0.00038729,0.00978738,0.125822,2598.8,2685.9,168.666,1.00257
"prob_resp_class[3,2]",0.0936323,0.00206649,0.0955301,0.0650877,0.00378775,0.0562249,0.294946,3183.14,2439.47,206.59,1.00171
"prob_resp_class[3,3]",0.201575,0.00143163,0.110069,0.121479,0.0240017,0.201096,0.386723,5982.75,5619.83,388.289,0.999992
"prob_resp_class[3,4]",0.677063,0.00330514,0.17916,0.19627,0.368946,0.676997,0.958557,3038.19,2376.53,197.182,1.00167
"prob_resp_class[4,1]",0.0462563,0.00208527,0.0832536,0.0156109,0.000438282,0.0118542,0.243027,2497.51,1936.29,162.092,1.0025
"prob_resp_class[4,2]",0.0742812,0.00190252,0.0857607,0.0454847,0.00226331,0.0380344,0.266638,3144.65,2949.38,204.092,1.00165
"prob_resp_class[4,3]",0.309637,0.0022762,0.165398,0.186056,0.0405175,0.308446,0.579352,5422.91,5410.29,351.954,0.999804
"prob_resp_class[4,4]",0.569825,0.00379396,0.217376,0.234127,0.233553,0.542986,0.946546,3060.96,2268.67,198.66,1.00152
"prob_resp_class[5,1]",0.0644281,0.00281678,0.11328,0.0225924,0.000622898,0.0170824,0.337875,2480.3,2112.22,160.975,1.00246
"prob_resp_class[5,2]",0.0522732,0.00124063,0.0620534,0.0319668,0.00175026,0.0269924,0.184106,3567.08,3597.08,231.508,1.0014
"prob_resp_class[5,3]",0.433716,0.00293648,0.217448,0.246295,0.0629014,0.444069,0.768962,5553.09,5790.96,360.403,0.999785
"prob_resp_class[5,4]",0.449583,0.00387871,0.248285,0.25211,0.123065,0.393713,0.919707,3535.26,3518.34,229.443,1.00111
"prob_resp_class[6,1]",0.0296922,0.00104042,0.0442175,0.0143366,0.000462275,0.0112356,0.132667,2637.97,2540.55,171.208,1.00245
"prob_resp_class[6,2]",0.0908832,0.00184332,0.0886925,0.0657323,0.00404137,0.0578105,0.275787,3331.92,2899.13,216.246,1.00156
"prob_resp_class[6,3]",0.217411,0.00153502,0.115812,0.128136,0.0257575,0.221387,0.406126,5737.98,5620.62,372.403,1.00003
"prob_resp_class[6,4]",0.662013,0.00324807,0.180727,0.199999,0.361091,0.65491,0.955596,3097.07,2477.77,201.004,1.00152
"prob_resp_class[7,1]",0.0195512,0.000771601,0.0336358,0.00758652,0.000219658,0.00579808,0.0960539,2779.18,2877.3,180.372,1.00251
"prob_resp_class[7,2]",0.1091,0.00308608,0.132412,0.063885,0.00315714,0.0533033,0.404695,3061.7,2268.68,198.708,1.00181
"prob_resp_class[7,3]",0.133235,0.00102062,0.0844187,0.0850983,0.0149035,0.123073,0.288104,7102.99,6408.52,460.993,1.00015
"prob_resp_class[7,4]",0.738114,0.00385281,0.184196,0.172662,0.363564,0.776221,0.972102,2966.39,2219.85,192.523,1.00177
"prob_resp_class[8,1]",0.062958,0.00264111,0.106502,0.0242839,0.000678691,0.018545,0.312511,2520.15,1990.58,163.561,1.0024
"prob_resp_class[8,2]",0.0523293,0.00116206,0.0589499,0.033441,0.0019553,0.0288266,0.175138,3739.74,3500.43,242.714,1.00147
"prob_resp_class[8,3]",0.434975,0.00290237,0.216718,0.244382,0.0625588,0.443599,0.773012,5633.45,5677.8,365.619,0.999707
"prob_resp_class[8,4]",0.449738,0.00382665,0.247082,0.252274,0.126094,0.393442,0.919309,3660.89,3934.43,237.596,1.00099
"prob_resp_class[9,1]",0.0167807,0.000626956,0.0280549,0.0072022,0.000211218,0.00552147,0.0774494,2832.21,2987.79,183.814,1.00236
"prob_resp_class[9,2]",0.109021,0.00257085,0.116166,0.0736959,0.00396078,0.0631133,0.35659,3120.7,2500.83,202.537,1.00179
"prob_resp_class[9,3]",0.121864,0.00100607,0.0826254,0.0816222,0.0128332,0.109026,0.276635,6933.16,6242.3,449.972,1.00012
"prob_resp_class[9,4]",0.752335,0.00323205,0.16457,0.166822,0.433156,0.780902,0.971508,3129.0,2471.71,203.077,1.00163
"prob_resp_class[10,1]",0.0267474,0.000586695,0.0316296,0.017444,0.000627114,0.014239,0.09413,3520.74,5244.28,228.501,1.0019
"prob_resp_class[10,2]",0.0990357,0.00112292,0.0793638,0.0792045,0.00659395,0.0809528,0.252125,5564.26,6583.38,361.128,1.00069
"prob_resp_class[10,3]",0.202766,0.00150169,0.110587,0.12701,0.0240491,0.205774,0.383122,5524.41,5919.39,358.542,1.00006
"prob_resp_class[10,4]",0.671451,0.00251987,0.161918,0.180674,0.422028,0.657543,0.947871,4147.38,5429.77,269.171,1.00105
"prob_resp_class[11,1]",0.0573947,0.00180415,0.078469,0.030811,0.00103785,0.0242147,0.240676,2613.08,2876.96,169.592,1.00248
"prob_resp_class[11,2]",0.0528179,0.000779583,0.0476563,0.0400769,0.00305854,0.0379175,0.149293,4604.97,5120.92,298.869,1.00122
"prob_resp_class[11,3]",0.440247,0.00274502,0.21192,0.223755,0.0622697,0.457265,0.763723,5962.96,5532.94,387.004,0.999771
"prob_resp_class[11,4]",0.449541,0.00355278,0.239836,0.237387,0.14222,0.390483,0.913992,4347.28,5587.21,282.144,1.00067
"prob_resp_class[12,1]",0.0459029,0.00200709,0.0807689,0.0164658,0.000476695,0.0125808,0.234862,2528.84,2037.17,164.125,1.00247
"prob_resp_class[12,2]",0.074062,0.00178736,0.0824168,0.0473355,0.00249726,0.0399049,0.254202,3246.28,3046.71,210.688,1.00162
"prob_resp_class[12,3]",0.309839,0.00222483,0.163173,0.180988,0.0410762,0.310005,0.574169,5477.39,5351.01,355.49,0.999898
"prob_resp_class[12,4]",0.570196,0.0037257,0.214975,0.230813,0.240896,0.542368,0.944306,3095.25,2288.26,200.886,1.00147
"prob_resp_class[13,1]",0.0308054,0.00161337,0.0650827,0.00649107,0.000133392,0.0047669,0.183969,2558.99,2159.68,166.082,1.00247
"prob_resp_class[13,2]",0.104826,0.00361259,0.153484,0.0438214,0.00142257,0.0337142,0.479167,3060.86,2517.24,198.654,1.00165
"prob_resp_class[13,3]",0.179816,0.0015846,0.112676,0.128687,0.0200953,0.166632,0.381652,5257.23,5548.8,341.201,1.00003
"prob_resp_class[13,4]",0.684552,0.0045147,0.214037,0.199414,0.229419,0.71095,0.969813,2898.69,1925.57,188.129,1.00172
"prob_resp_class[14,1]",0.0178537,0.000661866,0.0294867,0.00766506,0.000226263,0.00588799,0.0821904,2887.59,2774.14,187.409,1.00234
"prob_resp_class[14,2]",0.108005,0.00253601,0.114954,0.0732056,0.00396605,0.0630948,0.352469,3178.57,2504.72,206.294,1.00186
"prob_resp_class[14,3]",0.127511,0.00100894,0.0834943,0.0845059,0.0134274,0.116566,0.281568,7065.18,6033.76,458.54,0.999795
"prob_resp_class[14,4]",0.746631,0.00325614,0.166449,0.169384,0.430196,0.772272,0.970797,3093.12,2567.61,200.747,1.0016
"prob_resp_class[15,1]",0.04998,0.00259115,0.102851,0.0107354,0.000236182,0.00788986,0.305845,2513.08,1980.22,163.102,1.00247
"prob_resp_class[15,2]",0.0815982,0.00265169,0.117093,0.0351618,0.00127881,0.0272807,0.362377,3220.1,3410.23,208.989,1.00148
"prob_resp_class[15,3]",0.289693,0.00238678,0.164888,0.195509,0.0351808,0.287119,0.557432,4961.74,5586.53,322.024,0.999912
"prob_resp_class[15,4]",0.578729,0.00428577,0.229224,0.236154,0.1698,0.566179,0.952633,2922.91,2071.58,189.701,1.0017
"prob_resp_class[16,1]",0.0303052,0.00112018,0.0470514,0.0136347,0.000434858,0.0105911,0.141799,2675.53,2410.01,173.646,1.00256
"prob_resp_class[16,2]",0.0911566,0.00201105,0.0932803,0.0632696,0.00368613,0.055224,0.287516,3236.22,2768.04,210.035,1.00177
"prob_resp_class[16,3]",0.214753,0.00147883,0.114001,0.124254,0.0264687,0.219481,0.403502,5978.81,5539.43,388.033,0.999997
"prob_resp_class[16,4]",0.663785,0.00340629,0.184219,0.199887,0.347274,0.659417,0.95759,3001.46,2497.33,194.799,1.00167
"prob_resp_class[17,1]",0.0525206,0.00269208,0.107532,0.011227,0.000246523,0.00822946,0.322385,2554.02,1905.96,165.759,1.00235
"prob_resp_class[17,2]",0.0785518,0.00254993,0.112688,0.0341818,0.0012494,0.0266013,0.346339,3171.12,2998.8,205.81,1.00179
"prob_resp_class[17,3]",0.303279,0.00248659,0.171489,0.20508,0.0374371,0.301272,0.581529,4941.83,5240.99,320.732,0.999943
"prob_resp_class[17,4]",0.565649,0.0042881,0.232471,0.240945,0.157943,0.54892,0.949351,2931.06,2010.14,190.23,1.0016
"prob_resp_class[18,1]",0.0699688,0.00311099,0.125143,0.0227156,0.000588136,0.0170556,0.376729,2495.5,2189.6,161.961,1.00241
"prob_resp_class[18,2]",0.0486512,0.00132016,0.0650352,0.0260438,0.00131663,0.0213888,0.190807,3510.45,3523.02,227.833,1.00155
"prob_resp_class[18,3]",0.457255,0.00309381,0.227221,0.265427,0.0671394,0.47203,0.800498,5482.97,5829.74,355.852,0.999807
"prob_resp_class[18,4]",0.424125,0.00400819,0.256575,0.256609,0.0891989,0.364202,0.917278,3411.33,3303.58,221.4,1.00123
"prob_resp_class[19,1]",0.063182,0.00264798,0.10694,0.0242459,0.000672597,0.0185179,0.314668,2537.29,2044.05,164.674,1.00238
"prob_resp_class[19,2]",0.0522272,0.00115203,0.0587905,0.0335672,0.00199439,0.0289899,0.175719,3695.36,3780.61,239.834,1.00128
"prob_resp_class[19,3]",0.434955,0.00288541,0.215828,0.242633,0.0629315,0.446999,0.766897,5628.86,5710.63,365.321,0.999749
"prob_resp_class[19,4]",0.449636,0.00382765,0.246694,0.250884,0.126747,0.393182,0.918626,3614.98,3905.78,234.617,1.00103
"prob_resp_class[20,1]",0.0465541,0.00211315,0.0843776,0.015569,0.000438149,0.011774,0.242817,2486.55,1975.96,161.38,1.00249
"prob_resp_class[20,2]",0.0745407,0.00191774,0.087094,0.0449682,0.00227395,0.0374953,0.26875,3168.89,2982.32,205.665,1.00162
"prob_resp_class[20,3]",0.30932,0.00228705,0.165673,0.187269,0.0402304,0.308099,0.579352,5398.96,5535.1,350.4,0.999796
"prob_resp_class[20,4]",0.569586,0.00380578,0.218043,0.233987,0.229706,0.542899,0.947154,3076.56,2237.09,199.673,1.00151
"prob_resp_class[21,1]",0.0876597,0.00419832,0.168568,0.0217175,0.000455229,0.0159419,0.522846,2503.75,2046.68,162.497,1.00233
"prob_resp_class[21,2]",0.036005,0.00105584,0.0592736,0.0156199,0.000608698,0.0122965,0.156357,4025.06,4149.02,261.232,1.00123
"prob_resp_class[21,3]",0.536833,0.00382068,0.264258,0.314861,0.07619,0.575399,0.903364,4956.93,6080.11,321.711,0.999984
"prob_resp_class[21,4]",0.339502,0.00396813,0.269519,0.234098,0.0376003,0.252302,0.896537,3663.57,3386.29,237.771,1.00098
"prob_resp_class[22,1]",0.0521947,0.00267952,0.106779,0.0112463,0.000245261,0.00826161,0.321736,2517.69,1959.9,163.401,1.00233
"prob_resp_class[22,2]",0.0787568,0.00256001,0.113273,0.0339456,0.00124807,0.0263884,0.352856,3236.23,3193.99,210.036,1.0016
"prob_resp_class[22,3]",0.303696,0.00251555,0.172983,0.206664,0.036959,0.299791,0.585795,4923.33,5252.73,319.531,0.999917
"prob_resp_class[22,4]",0.565352,0.00428336,0.233012,0.242766,0.164358,0.547346,0.950691,2941.49,1980.43,190.907,1.00159
"prob_resp_class[23,1]",0.0313505,0.00146471,0.0594074,0.00907989,0.000240539,0.00681715,0.17093,2574.99,2277.93,167.121,1.00255
"prob_resp_class[23,2]",0.0986166,0.00309883,0.131811,0.0495475,0.00208474,0.0397541,0.410646,3059.77,2571.48,198.583,1.00176
"prob_resp_class[23,3]",0.195096,0.00147989,0.111149,0.125347,0.0248656,0.18839,0.389627,5853.76,5681.57,379.917,0.999883
"prob_resp_class[23,4]",0.674937,0.00420044,0.204789,0.201046,0.269391,0.693427,0.965181,2892.42,1936.26,187.722,1.00166
"prob_resp_class[24,1]",0.019814,0.000917579,0.0395201,0.00553845,0.000135012,0.00411964,0.108221,2743.06,2567.55,178.028,1.00237
"prob_resp_class[24,2]",0.113426,0.00369599,0.155182,0.0559019,0.00222127,0.044549,0.481015,3000.64,2330.85,194.745,1.00187
"prob_resp_class[24,3]",0.124952,0.00106518,0.0851156,0.0845896,0.0133596,0.111064,0.285013,6738.82,6149.55,437.359,0.999794
"prob_resp_class[24,4]",0.741808,0.00432104,0.198388,0.170758,0.314723,0.787689,0.976209,2936.72,1952.96,190.597,1.00167
"prob_resp_class[25,1]",0.0312893,0.00146463,0.0595635,0.00911988,0.000241685,0.00684886,0.172246,2576.5,2249.38,167.218,1.00255
"prob_resp_class[25,2]",0.0983671,0.00309576,0.131616,0.0496659,0.00207514,0.0398071,0.408859,3040.85,2465.73,197.355,1.00171
"prob_resp_class[25,3]",0.196941,0.00152201,0.112522,0.125306,0.0246574,0.1914,0.392148,5679.86,5529.53,368.631,0.999896
"prob_resp_class[25,4]",0.673403,0.00417482,0.204332,0.201299,0.267338,0.689754,0.964197,2918.28,2090.42,189.4,1.0017
"prob_resp_class[26,1]",0.0285636,0.000669584,0.034269,0.0182341,0.000658836,0.0147635,0.10272,3279.6,4519.35,212.85,1.00215
"prob_resp_class[26,2]",0.0941023,0.00113956,0.0757072,0.0770857,0.00615668,0.0757702,0.23799,5081.98,5939.5,329.827,1.00083
"prob_resp_class[26,3]",0.218636,0.00157334,0.115878,0.129855,0.0261203,0.225846,0.403098,5540.18,6443.67,359.565,0.999988
"prob_resp_class[26,4]",0.658698,0.00268353,0.167538,0.186593,0.407169,0.640653,0.947947,3785.72,4240.94,245.698,1.00123
"prob_resp_class[27,1]",0.0177455,0.000652346,0.0291818,0.00765017,0.000225681,0.00587747,0.0824872,2849.62,2796.25,184.944,1.00231
"prob_resp_class[27,2]",0.107282,0.00248614,0.112668,0.0734044,0.00399351,0.0629679,0.345304,3124.89,2333.01,202.809,1.00182
"prob_resp_class[27,3]",0.128847,0.00102806,0.084142,0.0849255,0.0134576,0.117829,0.28418,6916.02,5918.85,448.859,1.00009
"prob_resp_class[27,4]",0.746126,0.00321669,0.164589,0.170533,0.433767,0.771107,0.970798,3091.05,2657.19,200.613,1.00157
"prob_resp_class[28,1]",0.0434254,0.00197884,0.0787869,0.0147913,0.000410859,0.0112227,0.228012,2480.08,2042.33,160.96,1.00257
"prob_resp_class[28,2]",0.07792,0.00201131,0.0903877,0.0476282,0.00237722,0.0397319,0.278793,3153.88,3028.89,204.691,1.00167
"prob_resp_class[28,3]",0.290713,0.00214595,0.156725,0.176355,0.0377925,0.287973,0.544916,5475.61,5624.83,355.375,0.999768
"prob_resp_class[28,4]",0.587941,0.00376279,0.212064,0.229301,0.251083,0.567122,0.948276,3033.87,2263.53,196.902,1.00155
"prob_resp_class[29,1]",0.0525206,0.00269208,0.107532,0.011227,0.000246523,0.00822946,0.322385,2554.02,1905.96,165.759,1.00235
"prob_resp_class[29,2]",0.0785518,0.00254993,0.112688,0.0341818,0.0012494,0.0266013,0.346339,3171.12,2998.8,205.81,1.00179
"prob_resp_class[29,3]",0.303279,0.00248659,0.171489,0.20508,0.0374371,0.301272,0.581529,4941.83,5240.99,320.732,0.999943
"prob_resp_class[29,4]",0.565649,0.0042881,0.232471,0.240945,0.157943,0.54892,0.949351,2931.06,2010.14,190.23,1.0016
"prob_resp_class[30,1]",0.0515109,0.00263784,0.105377,0.0109713,0.000236954,0.00801315,0.313251,2523.91,2054.34,163.805,1.00232
"prob_resp_class[30,2]",0.0796685,0.00260196,0.114627,0.0345779,0.00125556,0.0268996,0.351453,3160.27,3040.63,205.106,1.00178
"prob_resp_class[30,3]",0.29863,0.00247198,0.17033,0.202822,0.0370388,0.294571,0.578291,4933.06,5242.93,320.162,0.999969
"prob_resp_class[30,4]",0.570191,0.0042996,0.232262,0.24294,0.164682,0.555895,0.95073,2924.53,2089.75,189.806,1.00152
"prob_resp_attr[1,1]",0.87571,0.00442582,0.177445,0.0576806,0.444627,0.953198,0.997255,2713.61,2056.89,176.117,1.00243
"prob_resp_attr[1,2]",0.635866,0.00257376,0.178342,0.186714,0.377098,0.607145,0.954404,4820.59,5491.61,312.863,1.00056
"prob_resp_attr[2,1]",0.884418,0.00300651,0.126147,0.0747248,0.604412,0.933158,0.994948,2777.9,2129.45,180.29,1.00225
"prob_resp_attr[2,2]",0.614512,0.00274674,0.186585,0.1962,0.345623,0.581475,0.949708,4595.22,5528.43,298.236,1.00043
"prob_resp_attr[3,1]",0.878638,0.00303983,0.129672,0.0799875,0.596838,0.92989,0.995118,2839.04,2136.21,184.258,1.00214
"prob_resp_attr[3,2]",0.770695,0.00173744,0.122019,0.141392,0.582133,0.762712,0.972408,5031.56,5887.18,326.555,1.00051
"prob_resp_attr[4,1]",0.879462,0.00391489,0.157348,0.0643335,0.51411,0.946191,0.996615,2727.39,1909.69,177.011,1.00215
"prob_resp_attr[4,2]",0.644106,0.00256541,0.177225,0.189671,0.383802,0.617993,0.956307,4838.25,5843.27,314.009,1.00032
"prob_resp_attr[5,1]",0.883299,0.00396548,0.158902,0.0585764,0.503685,0.950531,0.996614,2648.61,2004.72,171.898,1.00226
"prob_resp_attr[5,2]",0.501856,0.00324555,0.230909,0.241024,0.183963,0.458754,0.931515,5088.33,5807.35,330.239,1.00019
"prob_resp_attr[6,1]",0.879425,0.00283126,0.123936,0.0823484,0.61438,0.926645,0.994628,2899.31,2414.49,188.169,1.002
"prob_resp_attr[6,2]",0.752896,0.00186501,0.128391,0.150564,0.560021,0.742459,0.969645,4805.26,5953.96,311.868,1.00059
"prob_resp_attr[7,1]",0.871349,0.00381405,0.157964,0.0732242,0.509321,0.938327,0.99611,2874.4,2063.46,186.553,1.00204
"prob_resp_attr[7,2]",0.847214,0.00124243,0.0946928,0.101496,0.676427,0.856262,0.983326,5968.29,6558.52,387.35,1.00033
"prob_resp_attr[8,1]",0.884713,0.00371964,0.149636,0.0622955,0.53818,0.946499,0.996188,2696.91,1969.41,175.033,1.00207
"prob_resp_attr[8,2]",0.502067,0.0032368,0.230975,0.239934,0.183072,0.459424,0.93062,5186.02,5631.42,336.58,1.00017
"prob_resp_attr[9,1]",0.874198,0.00314686,0.136081,0.0830332,0.577782,0.928293,0.995301,2897.46,2085.56,188.049,1.00204
"prob_resp_attr[9,2]",0.861356,0.00117547,0.0918918,0.0938901,0.691416,0.873704,0.985787,6187.5,6276.24,401.577,1.00023
"prob_resp_attr[10,1]",0.874217,0.00156129,0.0996718,0.100705,0.683654,0.898027,0.991436,4693.49,5945.45,304.614,1.0011
"prob_resp_attr[10,2]",0.770487,0.00177856,0.12132,0.140026,0.579931,0.764591,0.969755,4776.05,5654.04,309.972,1.00061
"prob_resp_attr[11,1]",0.889787,0.00248189,0.109281,0.0764664,0.652616,0.929395,0.994144,2840.52,2916.04,184.353,1.00221
"prob_resp_attr[11,2]",0.502359,0.00322559,0.229727,0.238454,0.184852,0.459627,0.928737,5178.91,5695.4,336.118,1.00017
"prob_resp_attr[12,1]",0.880035,0.00372326,0.151491,0.066413,0.534506,0.943963,0.996278,2759.51,1964.33,179.096,1.00211
"prob_resp_attr[12,2]",0.644258,0.00255975,0.176065,0.187304,0.386358,0.617979,0.954365,4761.59,5859.96,309.033,1.00039
"prob_resp_attr[13,1]",0.864368,0.0051544,0.208944,0.0524477,0.335438,0.959459,0.998221,2838.64,1982.99,184.232,1.00192
"prob_resp_attr[13,2]",0.789379,0.00163239,0.118003,0.138215,0.596511,0.786951,0.976869,5329.77,6073.01,345.909,1.00032
"prob_resp_attr[14,1]",0.874141,0.00314567,0.136333,0.0825077,0.580691,0.928176,0.995252,2970.31,2228.45,192.777,1.00206
"prob_resp_attr[14,2]",0.854635,0.00121791,0.0932083,0.098822,0.681619,0.865408,0.984677,6013.22,6226.23,390.266,1.00011
"prob_resp_attr[15,1]",0.868422,0.00514779,0.207043,0.0495652,0.339522,0.961568,0.9982,2774.9,1920.78,180.094,1.00219
"prob_resp_attr[15,2]",0.660327,0.00246253,0.170404,0.18558,0.411429,0.636318,0.958723,4803.99,5759.1,311.786,1.00047
"prob_resp_attr[16,1]",0.878538,0.00307713,0.131397,0.0789113,0.592369,0.930225,0.995091,2883.78,2186.08,187.161,1.00216
"prob_resp_attr[16,2]",0.754942,0.00186157,0.127337,0.145325,0.562844,0.743778,0.970028,4689.27,5501.4,304.34,1.00045
"prob_resp_attr[17,1]",0.868928,0.00514123,0.206917,0.0490946,0.340167,0.961901,0.998211,2771.04,1905.41,179.845,1.0022
"prob_resp_attr[17,2]",0.6442,0.00257171,0.17756,0.192087,0.383931,0.619737,0.956079,4783.41,5793.5,310.45,1.00037
"prob_resp_attr[18,1]",0.88138,0.00433847,0.173487,0.0532705,0.455453,0.956265,0.997313,2632.34,2126.66,170.842,1.00245
"prob_resp_attr[18,2]",0.472776,0.00333173,0.239229,0.244246,0.152905,0.423212,0.925311,5208.52,5618.92,338.04,1.00026
"prob_resp_attr[19,1]",0.884591,0.00371508,0.149656,0.0625831,0.536455,0.946376,0.996226,2693.55,1961.65,174.815,1.00208
"prob_resp_attr[19,2]",0.501863,0.00324215,0.230615,0.240309,0.184575,0.458759,0.931162,5089.12,5850.95,330.291,1.0002
"prob_resp_attr[20,1]",0.878905,0.00396267,0.159706,0.0641453,0.504471,0.946263,0.996585,2719.85,1918.87,176.522,1.0021
"prob_resp_attr[20,2]",0.644126,0.00256566,0.177269,0.189871,0.38312,0.617808,0.956291,4840.31,5888.95,314.143,1.00032
"prob_resp_attr[21,1]",0.876335,0.00511272,0.204926,0.0423069,0.345818,0.966929,0.998293,2633.97,2041.31,170.948,1.00225
"prob_resp_attr[21,2]",0.375507,0.00354025,0.262353,0.247516,0.0658575,0.301618,0.90458,5508.19,5708.85,357.489,1.00005
"prob_resp_attr[22,1]",0.869049,0.0051447,0.206863,0.0488692,0.339327,0.962063,0.998207,2771.55,1895.89,179.877,1.00209
"prob_resp_attr[22,2]",0.644109,0.00257552,0.17849,0.192702,0.38128,0.619971,0.956974,4855.45,5735.31,315.125,1.00032
"prob_resp_attr[23,1]",0.870033,0.00450414,0.182639,0.0606127,0.429007,0.951042,0.997281,2820.75,1986.17,183.07,1.00217
"prob_resp_attr[23,2]",0.773553,0.00170007,0.120774,0.13932,0.584234,0.767339,0.973306,5121.49,6456.41,332.392,1.00033
"prob_resp_attr[24,1]",0.86676,0.00455752,0.186179,0.0630329,0.420415,0.949474,0.997346,2873.25,2043.08,186.478,1.00197
"prob_resp_attr[24,2]",0.855234,0.00120183,0.0933872,0.099218,0.683073,0.866327,0.985146,6186.6,6127.09,401.519,1.00008
"prob_resp_attr[25,1]",0.870344,0.00450125,0.18234,0.0609095,0.42891,0.950953,0.997314,2791.46,1982.66,181.17,1.00201
"prob_resp_attr[25,2]",0.77177,0.00171146,0.121773,0.140469,0.581887,0.765958,0.972509,5175.44,6246.37,335.893,1.0005
"prob_resp_attr[26,1]",0.877334,0.00167266,0.0988552,0.0986897,0.685845,0.903418,0.991788,4187.35,5121.02,271.765,1.00136
"prob_resp_attr[26,2]",0.752801,0.00188085,0.127628,0.146951,0.559007,0.742647,0.967828,4702.42,5374.8,305.193,1.00065
"prob_resp_attr[27,1]",0.874973,0.00308662,0.133701,0.0829627,0.587089,0.927883,0.995206,2901.7,2090.9,188.324,1.00205
"prob_resp_attr[27,2]",0.853407,0.00122185,0.0937117,0.0990154,0.679207,0.864468,0.984452,6093.9,6092.43,395.503,1.00025
"prob_resp_attr[28,1]",0.878655,0.00391696,0.157554,0.0652119,0.513538,0.945573,0.996631,2734.75,1860.62,177.489,1.0022
"prob_resp_attr[28,2]",0.665861,0.0024235,0.168179,0.181675,0.41626,0.644064,0.959158,4866.2,5820.54,315.823,1.00033
"prob_resp_attr[29,1]",0.868928,0.00514123,0.206917,0.0490946,0.340167,0.961901,0.998211,2771.04,1905.41,179.845,1.0022
"prob_resp_attr[29,2]",0.6442,0.00257171,0.17756,0.192087,0.383931,0.619737,0.956079,4783.41,5793.5,310.45,1.00037
"prob_resp_attr[30,1]",0.868821,0.00514126,0.206959,0.0491426,0.339253,0.961873,0.998204,2782.53,1893.94,180.59,1.0023
"prob_resp_attr[30,2]",0.649859,0.00253912,0.176236,0.190031,0.389719,0.626476,0.955972,4845.85,5543.19,314.502,1.00027
eta[1],-0.282772,0.0016135,0.102396,0.0875905,-0.465459,-0.266776,-0.153262,5389.42,3167.96,349.781,1.00146
eta[2],-0.37565,0.00171967,0.11296,0.100104,-0.573607,-0.361202,-0.223197,5729.72,3852.58,371.866,1.00077
eta[3],-0.400857,0.0017412,0.115801,0.10066,-0.608777,-0.38703,-0.242414,5652.08,3980.58,366.828,1.00182
eta[4],-0.261453,0.00170709,0.0983082,0.0844505,-0.436131,-0.246729,-0.135365,4476.41,3313.91,290.525,1.00131
eta[5],-0.643659,0.00183059,0.147649,0.142961,-0.91147,-0.630032,-0.42961,7145.44,5045.43,463.749,1.00012
eta[6],-0.752444,0.00210978,0.15985,0.149804,-1.03335,-0.737541,-0.518253,6465.26,4820.05,419.604,1.00139
eta[7],-0.689766,0.00153044,0.148007,0.146413,-0.950515,-0.677879,-0.466375,9346.27,5945.95,606.585,1.00015
eta[8],-0.687386,0.00149739,0.144242,0.143325,-0.940869,-0.677781,-0.468914,9183.16,5324.0,596.0,0.999849
eta[9],-0.805494,0.00169577,0.161404,0.157549,-1.09391,-0.792999,-0.562725,9345.24,6700.47,606.519,0.999835
eta[10],-0.610975,0.00145854,0.139984,0.137181,-0.863089,-0.598416,-0.40096,9684.33,6450.76,628.526,0.999837
prob_joint[1],0.000223449,1.14133e-05,0.000485649,5.34833e-05,1.23814e-06,3.95994e-05,0.00125462,2543.58,2168.53,165.082,1.00209
prob_joint[2],0.000345766,1.08944e-05,0.000509018,0.000162569,6.72562e-06,0.000130017,0.00147821,3229.83,3666.22,209.621,1.00163
prob_joint[3],0.00152699,1.50007e-05,0.00114391,0.00102598,0.000172544,0.00128314,0.00372106,5811.63,6568.9,377.183,1.0003
prob_joint[4],0.00299872,2.66772e-05,0.00186473,0.00163198,0.000591081,0.0026457,0.0065965,3549.37,2324.76,230.359,1.00155
prob_attr_class[1],0.0,,0.0,0.0,0.0,0.0,0.0,,,,
prob_attr_class[2],0.0796685,0.00260196,0.114627,0.0345779,0.00125556,0.0268996,0.351453,3160.27,3040.63,205.106,1.00178
prob_attr_class[3],0.0,,0.0,0.0,0.0,0.0,0.0,,,,
prob_attr_class[4],0.570191,0.0042996,0.232262,0.24294,0.164682,0.555895,0.95073,2924.53,2089.75,189.806,1.00152
"y_rep[1,1]",0.23575,,0.424493,0.0,0.0,0.0,1.0,,,,
"y_rep[1,2]",0.301,0.00514729,0.458721,0.0,0.0,0.0,1.0,7966.26,7966.26,517.021,1.00028
"y_rep[1,3]",0.322125,0.00517562,0.46732,0.0,0.0,0.0,1.0,8151.31,8151.31,529.031,0.999899
"y_rep[1,4]",0.22,0.00462329,0.414272,0.0,0.0,0.0,1.0,8047.56,8047.56,522.297,0.999722
"y_rep[1,5]",0.4175,0.0056269,0.493178,0.0,0.0,0.0,1.0,7727.48,7727.48,501.524,0.999824
"y_rep[1,6]",0.480625,0.00564524,0.499656,0.0,0.0,0.0,1.0,7851.13,7851.13,509.549,1.00017
"y_rep[1,7]",0.45125,,0.497649,0.0,0.0,0.0,1.0,8185.27,8185.27,531.235,0.999605
"y_rep[1,8]",0.4585,0.00569849,0.498306,0.0,0.0,0.0,1.0,7677.86,7677.86,498.304,1.00017
"y_rep[1,9]",0.498,0.00576551,0.500027,0.0,0.0,0.0,1.0,7560.77,7560.77,490.704,0.999959
"y_rep[1,10]",0.395375,0.00539025,0.488962,0.0,0.0,0.0,1.0,8241.44,8241.44,534.88,1.00019
"y_rep[2,1]",0.247625,0.0047649,0.43166,0.0,0.0,0.0,1.0,8210.94,8210.94,532.901,0.999796
"y_rep[2,2]",0.30625,,0.460964,0.0,0.0,0.0,1.0,7925.92,7925.92,514.403,1.00012
"y_rep[2,3]",0.317875,,0.46568,0.0,0.0,0.0,1.0,7631.22,7631.22,495.277,0.999776
"y_rep[2,4]",0.227,0.00469625,0.418919,0.0,0.0,0.0,1.0,7966.79,7966.79,517.055,0.999934
"y_rep[2,5]",0.429,0.00553324,0.494964,0.0,0.0,0.0,1.0,8008.2,8008.2,519.743,0.999818
"y_rep[2,6]",0.470875,0.00559215,0.499182,0.0,0.0,0.0,1.0,7979.35,7979.35,517.87,1.00028
"y_rep[2,7]",0.458625,0.00561202,0.498316,0.0,0.0,0.0,1.0,7899.14,7899.14,512.665,0.999781
"y_rep[2,8]",0.457875,0.00557486,0.498253,0.0,0.0,0.0,1.0,7995.1,7995.1,518.893,0.999973
"y_rep[2,9]",0.50125,0.00563784,0.50003,0.0,0.0,1.0,1.0,7878.24,7878.24,511.309,1.00005
"y_rep[2,10]",0.392875,0.0053929,0.48842,0.0,0.0,0.0,1.0,8208.34,8208.34,532.732,1.00034
"y_rep[3,1]",0.239375,,0.426729,0.0,0.0,0.0,1.0,8023.05,8023.05,520.707,1.00057
"y_rep[3,2]",0.309,0.00521376,0.46211,0.0,0.0,0.0,1.0,8000.49,8000.49,519.243,1.00014
"y_rep[3,3]",0.330125,0.0053823,0.470287,0.0,0.0,0.0,1.0,7730.15,7730.15,501.697,1.00017
"y_rep[3,4]",0.23125,0.00479254,0.421658,0.0,0.0,0.0,1.0,7748.11,7748.11,502.863,0.999709
"y_rep[3,5]",0.4225,0.00555619,0.493988,0.0,0.0,0.0,1.0,7922.21,7922.21,514.162,0.999924
"y_rep[3,6]",0.48175,0.00565601,0.499698,0.0,0.0,0.0,1.0,7812.09,7812.09,507.015,0.999791
"y_rep[3,7]",0.45375,0.00555906,0.497887,0.0,0.0,0.0,1.0,8026.06,8026.06,520.902,1.00041
"y_rep[3,8]",0.4465,0.0056837,0.497161,0.0,0.0,0.0,1.0,7670.26,7670.26,497.81,1.00014
"y_rep[3,9]",0.501125,0.00565534,0.50003,0.0,0.0,1.0,1.0,7888.79,7888.79,511.993,0.999746
"y_rep[3,10]",0.39,0.00546499,0.48778,0.0,0.0,0.0,1.0,7977.12,7977.12,517.726,1.00011
"y_rep[4,1]",0.242875,0.00486625,0.428847,0.0,0.0,0.0,1.0,7777.32,7777.32,504.759,1.00005
"y_rep[4,2]",0.311625,0.00519118,0.463186,0.0,0.0,0.0,1.0,7970.91,7970.91,517.323,1.00003
"y_rep[4,3]",0.3285,0.00540899,0.469697,0.0,0.0,0.0,1.0,7615.24,7615.24,494.24,1.00041
"y_rep[4,4]",0.225125,0.0046245,0.417691,0.0,0.0,0.0,1.0,8159.14,8159.14,529.539,0.999737
"y_rep[4,5]",0.433,,0.495522,0.0,0.0,0.0,1.0,7834.65,7834.65,508.479,1.00057
"y_rep[4,6]",0.47575,,0.499443,0.0,0.0,0.0,1.0,8120.72,8120.72,527.046,0.999925
"y_rep[4,7]",0.45375,0.00556526,0.497887,0.0,0.0,0.0,1.0,8019.61,8019.61,520.484,1.0005
"y_rep[4,8]",0.451875,0.00557266,0.49771,0.0,0.0,0.0,1.0,7994.35,7994.35,518.844,0.99978
"y_rep[4,9]",0.4995,0.0055344,0.500031,0.0,0.0,0.0,1.0,8169.3,8169.3,530.198,1.00006
"y_rep[4,10]",0.393125,0.00542653,0.488475,0.0,0.0,0.0,1.0,8126.26,8126.26,527.406,0.999696
"y_rep[5,1]",0.243125,,0.428997,0.0,0.0,0.0,1.0,,,,
"y_rep[5,2]",0.30425,0.00524162,0.460118,0.0,0.0,0.0,1.0,7713.95,7713.95,500.646,1.00001
"y_rep[5,3]",0.331125,0.00547001,0.470647,0.0,0.0,0.0,1.0,7444.14,7444.14,483.135,0.999903
"y_rep[5,4]",0.227125,,0.419,0.0,0.0,0.0,1.0,,,,
"y_rep[5,5]",0.42925,0.00565034,0.495,0.0,0.0,0.0,1.0,7733.28,7733.28,501.9,0.999704
"y_rep[5,6]",0.49125,,0.499955,0.0,0.0,0.0,1.0,7654.47,7654.47,496.785,1.00002
"y_rep[5,7]",0.4505,0.00553462,0.497575,0.0,0.0,0.0,1.0,8102.42,8102.42,525.858,1.00055
"y_rep[5,8]",0.4485,0.00586742,0.497372,0.0,0.0,0.0,1.0,7264.01,7264.01,471.444,0.999822
"y_rep[5,9]",0.488625,0.00576278,0.499902,0.0,0.0,0.0,1.0,7537.57,7537.57,489.198,0.99997
"y_rep[5,10]",0.396375,,0.489175,0.0,0.0,0.0,1.0,7838.65,7838.65,508.739,1.00007
"y_rep[6,1]",0.23875,0.00480216,0.426346,0.0,0.0,0.0,1.0,7910.8,7910.8,513.422,0.999921
"y_rep[6,2]",0.314875,,0.464495,0.0,0.0,0.0,1.0,8268.95,8268.95,536.666,0.99985
"y_rep[6,3]",0.33025,0.00519545,0.470332,0.0,0.0,0.0,1.0,8195.85,8195.85,531.921,0.999691
"y_rep[6,4]",0.222625,0.00459021,0.416035,0.0,0.0,0.0,1.0,8222.12,8222.12,533.627,0.999949
"y_rep[6,5]",0.423875,0.00564136,0.494202,0.0,0.0,0.0,1.0,7705.74,7705.74,500.113,0.999597
"y_rep[6,6]",0.480625,0.00550891,0.499656,0.0,0.0,0.0,1.0,8251.82,8251.82,535.554,1.00042
"y_rep[6,7]",0.448625,,0.497385,0.0,0.0,0.0,1.0,7600.66,7600.66,493.293,0.999571
"y_rep[6,8]",0.448125,,0.497333,0.0,0.0,0.0,1.0,8465.39,8465.39,549.415,1.00028
"y_rep[6,9]",0.4925,0.00565773,0.499975,0.0,0.0,0.0,1.0,7813.49,7813.49,507.106,1.0001
"y_rep[6,10]",0.397125,0.00553729,0.489333,0.0,0.0,0.0,1.0,7831.59,7831.59,508.281,1.00054
"y_rep[7,1]",0.242,0.00477475,0.428321,0.0,0.0,0.0,1.0,8048.44,8048.44,522.354,1.0003
"y_rep[7,2]",0.313625,,0.463995,0.0,0.0,0.0,1.0,8039.78,8039.78,521.792,0.999808
"y_rep[7,3]",0.323375,,0.467794,0.0,0.0,0.0,1.0,7941.09,7941.09,515.387,0.999896
"y_rep[7,4]",0.223375,0.00467155,0.416534,0.0,0.0,0.0,1.0,7970.88,7970.88,517.321,1.00047
"y_rep[7,5]",0.428625,0.00547398,0.49491,0.0,0.0,0.0,1.0,8188.6,8188.6,531.451,1.00016
"y_rep[7,6]",0.47575,,0.499443,0.0,0.0,0.0,1.0,8253.69,8253.69,535.675,0.999694
"y_rep[7,7]",0.449125,0.00552563,0.497436,0.0,0.0,0.0,1.0,8131.63,8131.63,527.753,1.00036
"y_rep[7,8]",0.457125,0.00555961,0.498189,0.0,0.0,0.0,1.0,8035.99,8035.99,521.547,0.999957
"y_rep[7,9]",0.489625,0.00564823,0.499924,0.0,0.0,0.0,1.0,7845.19,7845.19,509.163,0.999658
"y_rep[7,10]",0.3935,0.00545869,0.488557,0.0,0.0,0.0,1.0,8017.32,8017.32,520.335,1.00017
"y_rep[8,1]",0.240125,0.0047588,0.427186,0.0,0.0,0.0,1.0,8093.44,8093.44,525.275,0.999737
"y_rep[8,2]",0.311625,,0.463186,0.0,0.0,0.0,1.0,7741.6,7741.6,502.44,1.00008
"y_rep[8,3]",0.32925,0.005388,0.46997,0.0,0.0,0.0,1.0,7662.3,7662.3,497.294,1.00019
"y_rep[8,4]",0.21725,0.00473921,0.4124,0.0,0.0,0.0,1.0,7589.19,7589.19,492.549,1.00068
"y_rep[8,5]",0.431,0.00544508,0.495247,0.0,0.0,0.0,1.0,8284.28,8284.28,537.661,0.999813
"y_rep[8,6]",0.4725,,0.499274,0.0,0.0,0.0,1.0,8327.7,8327.7,540.479,1.00024
"y_rep[8,7]",0.453125,0.00556722,0.497829,0.0,0.0,0.0,1.0,7997.27,7997.27,519.034,1.00019
"y_rep[8,8]",0.458625,0.00547098,0.498316,0.0,0.0,0.0,1.0,8321.47,8321.47,540.074,0.999885
"y_rep[8,9]",0.504875,0.00583924,0.500007,0.0,0.0,1.0,1.0,7430.22,7430.22,482.232,1.00008
"y_rep[8,10]",0.393375,,0.488529,0.0,0.0,0.0,1.0,8211.01,8211.01,532.906,0.999924
"y_rep[9,1]",0.2465,0.00504664,0.431,0.0,0.0,0.0,1.0,7319.54,7319.54,475.048,1.00013
"y_rep[9,2]",0.306875,0.00510703,0.461226,0.0,0.0,0.0,1.0,8163.37,8163.37,529.814,1.00009
"y_rep[9,3]",0.319875,0.00515294,0.466457,0.0,0.0,0.0,1.0,8205.25,8205.25,532.532,1.00006
"y_rep[9,4]",0.225375,0.00482294,0.417855,0.0,0.0,0.0,1.0,7528.86,7528.86,488.633,0.999689
"y_rep[9,5]",0.4215,0.00564165,0.49383,0.0,0.0,0.0,1.0,7811.53,7811.53,506.979,1.00047
"y_rep[9,6]",0.490625,,0.499943,0.0,0.0,0.0,1.0,7685.86,7685.86,498.822,1.00052
"y_rep[9,7]",0.46025,0.00548555,0.498449,0.0,0.0,0.0,1.0,8267.12,8267.12,536.547,1.0007
"y_rep[9,8]",0.45175,0.0056049,0.497698,0.0,0.0,0.0,1.0,7911.08,7911.08,513.44,1.0004
"y_rep[9,9]",0.5105,0.00555822,0.499921,0.0,0.0,1.0,1.0,8097.14,8097.14,525.516,1.00018
"y_rep[9,10]",0.395,0.0053378,0.488881,0.0,0.0,0.0,1.0,8401.37,8401.37,545.26,0.999834
"y_rep[10,1]",0.24025,,0.427262,0.0,0.0,0.0,1.0,7735.38,7735.38,502.037,0.999991
"y_rep[10,2]",0.31475,0.0051827,0.464445,0.0,0.0,0.0,1.0,8037.16,8037.16,521.623,0.999909
"y_rep[10,3]",0.322,,0.467272,0.0,0.0,0.0,1.0,8028.39,8028.39,521.053,1.00001
"y_rep[10,4]",0.228,,0.419569,0.0,0.0,0.0,1.0,7873.3,7873.3,510.988,0.999777
"y_rep[10,5]",0.41975,0.00563204,0.493549,0.0,0.0,0.0,1.0,7696.92,7696.92,499.541,0.999571
"y_rep[10,6]",0.477375,0.00572835,0.499519,0.0,0.0,0.0,1.0,7629.81,7629.81,495.185,1.00021
"y_rep[10,7]",0.458625,0.00569009,0.498316,0.0,0.0,0.0,1.0,7693.43,7693.43,499.314,1.00037
"y_rep[10,8]",0.452375,0.00566772,0.497758,0.0,0.0,0.0,1.0,7729.36,7729.36,501.646,0.999956
"y_rep[10,9]",0.4945,0.00569957,0.500001,0.0,0.0,0.0,1.0,7712.46,7712.46,500.549,0.999953
"y_rep[10,10]",0.3965,0.00547677,0.489201,0.0,0.0,0.0,1.0,7984.48,7984.48,518.204,0.999776
"y_rep[11,1]",0.243125,0.00473939,0.428997,0.0,0.0,0.0,1.0,8196.47,8196.47,531.962,1.0002
"y_rep[11,2]",0.313375,0.00522197,0.463894,0.0,0.0,0.0,1.0,7956.59,7956.59,516.394,0.999722
"y_rep[11,3]",0.327125,0.00545064,0.469193,0.0,0.0,0.0,1.0,7499.61,7499.61,486.735,1.00006
"y_rep[11,4]",0.222375,0.00463092,0.415868,0.0,0.0,0.0,1.0,8095.52,8095.52,525.41,0.999867
"y_rep[11,5]",0.427625,0.00540854,0.494765,0.0,0.0,0.0,1.0,8373.97,8373.97,543.482,0.999823
"y_rep[11,6]",0.4775,0.00554589,0.499525,0.0,0.0,0.0,1.0,8123.57,8123.57,527.231,1.00009
"y_rep[11,7]",0.464,0.00562114,0.498733,0.0,0.0,0.0,1.0,7907.12,7907.12,513.183,0.999859
"y_rep[11,8]",0.450375,,0.497562,0.0,0.0,0.0,1.0,8242.13,8242.13,534.925,0.999851
"y_rep[11,9]",0.48925,0.00553414,0.499916,0.0,0.0,0.0,1.0,8178.12,8178.12,530.771,0.999775
"y_rep[11,10]",0.3965,0.00538095,0.489201,0.0,0.0,0.0,1.0,8280.37,8280.37,537.407,0.999755
"y_rep[12,1]",0.2395,,0.426805,0.0,0.0,0.0,1.0,8062.71,8062.71,523.281,0.999952
"y_rep[12,2]",0.2955,0.00517713,0.456296,0.0,0.0,0.0,1.0,7773.53,7773.53,504.512,1.00047
"y_rep[12,3]",0.32875,0.00523695,0.469788,0.0,0.0,0.0,1.0,8055.15,8055.15,522.79,0.999922
"y_rep[12,4]",0.220875,0.0045348,0.414862,0.0,0.0,0.0,1.0,8384.45,8384.45,544.162,1.00002
"y_rep[12,5]",0.4265,0.00558375,0.494599,0.0,0.0,0.0,1.0,7856.31,7856.31,509.885,1.00023
"y_rep[12,6]",0.48175,0.00562557,0.499698,0.0,0.0,0.0,1.0,7999.88,7999.88,519.203,1.00037
"y_rep[12,7]",0.448875,0.00557371,0.49741,0.0,0.0,0.0,1.0,7993.72,7993.72,518.803,1.00025
"y_rep[12,8]",0.455125,0.00559502,0.498013,0.0,0.0,0.0,1.0,7928.12,7928.12,514.546,0.999919
"y_rep[12,9]",0.50325,0.00565754,0.500021,0.0,0.0,1.0,1.0,7823.07,7823.07,507.727,0.999833
"y_rep[12,10]",0.39275,,0.488393,0.0,0.0,0.0,1.0,7635.8,7635.8,495.574,0.999759
"y_rep[13,1]",0.240625,,0.42749,0.0,0.0,0.0,1.0,7904.98,7904.98,513.044,1.00032
"y_rep[13,2]",0.306875,0.00519562,0.461226,0.0,0.0,0.0,1.0,7894.45,7894.45,512.36,1.00012
"y_rep[13,3]",0.3195,0.00515319,0.466312,0.0,0.0,0.0,1.0,8194.62,8194.62,531.842,1.00011
"y_rep[13,4]",0.220375,,0.414525,0.0,0.0,0.0,1.0,,,,
"y_rep[13,5]",0.4215,0.00556079,0.49383,0.0,0.0,0.0,1.0,7923.53,7923.53,514.248,0.999736
"y_rep[13,6]",0.4745,0.00569106,0.499381,0.0,0.0,0.0,1.0,7744.9,7744.9,502.655,0.999602
"y_rep[13,7]",0.463125,0.00549813,0.49867,0.0,0.0,0.0,1.0,8238.07,8238.07,534.662,0.999736
"y_rep[13,8]",0.461,0.00548925,0.498508,0.0,0.0,0.0,1.0,8256.78,8256.78,535.876,0.999957
"y_rep[13,9]",0.493875,0.00559386,0.499994,0.0,0.0,0.0,1.0,7991.48,7991.48,518.658,1.00018
"y_rep[13,10]",0.39425,0.00553776,0.48872,0.0,0.0,0.0,1.0,7820.56,7820.56,507.565,0.999795
"y_rep[14,1]",0.234,0.00476261,0.423399,0.0,0.0,0.0,1.0,7915.44,7915.44,513.723,0.999748
"y_rep[14,2]",0.306125,,0.460911,0.0,0.0,0.0,1.0,7942.98,7942.98,515.51,0.99975
"y_rep[14,3]",0.325125,0.00531368,0.468451,0.0,0.0,0.0,1.0,7777.3,7777.3,504.757,1.00026
"y_rep[14,4]",0.230125,0.00490023,0.420939,0.0,0.0,0.0,1.0,7528.01,7528.01,488.578,1.00014
"y_rep[14,5]",0.425375,0.00565548,0.494431,0.0,0.0,0.0,1.0,7710.67,7710.67,500.433,0.999939
"y_rep[14,6]",0.4885,0.00570445,0.499899,0.0,0.0,0.0,1.0,7708.87,7708.87,500.316,0.999694
"y_rep[14,7]",0.452,0.00567358,0.497722,0.0,0.0,0.0,1.0,7739.45,7739.45,502.301,1.00014
"y_rep[14,8]",0.45825,0.00571999,0.498285,0.0,0.0,0.0,1.0,7615.14,7615.14,494.233,0.999726
"y_rep[14,9]",0.496125,,0.500016,0.0,0.0,0.0,1.0,7956.14,7956.14,516.364,0.999802
"y_rep[14,10]",0.395875,0.00559122,0.489068,0.0,0.0,0.0,1.0,7667.81,7667.81,497.651,1.00023
"y_rep[15,1]",0.249125,,0.432533,0.0,0.0,0.0,1.0,7738.73,7738.73,502.254,0.999661
"y_rep[15,2]",0.310875,0.00520347,0.462881,0.0,0.0,0.0,1.0,7955.28,7955.28,516.308,0.999754
"y_rep[15,3]",0.3175,,0.465533,0.0,0.0,0.0,1.0,7775.5,7775.5,504.64,1.00002
"y_rep[15,4]",0.227875,0.00467196,0.419488,0.0,0.0,0.0,1.0,8068.4,8068.4,523.65,0.999882
"y_rep[15,5]",0.42775,0.00559371,0.494783,0.0,0.0,0.0,1.0,7831.6,7831.6,508.281,1.00011
"y_rep[15,6]",0.491,0.00556021,0.49995,0.0,0.0,0.0,1.0,8093.0,8093.0,525.247,0.999854
"y_rep[15,7]",0.45775,0.00554599,0.498243,0.0,0.0,0.0,1.0,8085.25,8085.25,524.744,1.00006
"y_rep[15,8]",0.458625,,0.498316,0.0,0.0,0.0,1.0,7997.37,7997.37,519.04,0.999832
"y_rep[15,9]",0.506625,0.00564614,0.499987,0.0,0.0,1.0,1.0,7848.45,7848.45,509.375,0.999844
"y_rep[15,10]",0.40725,0.0054023,0.491353,0.0,0.0,0.0,1.0,8283.44,8283.44,537.606,0.99977
"y_rep[16,1]",0.2465,0.00505587,0.431,0.0,0.0,0.0,1.0,7358.06,7358.06,477.548,1.00057
"y_rep[16,2]",0.312125,0.00527641,0.463389,0.0,0.0,0.0,1.0,7740.56,7740.56,502.373,1.00044
"y_rep[16,3]",0.323875,0.00517264,0.467982,0.0,0.0,0.0,1.0,8186.92,8186.92,531.342,0.99995
"y_rep[16,4]",0.216625,0.00462108,0.411971,0.0,0.0,0.0,1.0,7966.61,7966.61,517.044,0.999703
"y_rep[16,5]",0.429875,0.00566974,0.495089,0.0,0.0,0.0,1.0,7634.31,7634.31,495.477,0.999901
"y_rep[16,6]",0.486875,0.00572252,0.499859,0.0,0.0,0.0,1.0,7659.64,7659.64,497.121,0.999776
"y_rep[16,7]",0.464125,0.00564638,0.498742,0.0,0.0,0.0,1.0,7825.01,7825.01,507.854,0.999821
"y_rep[16,8]",0.462125,0.00568297,0.498595,0.0,0.0,0.0,1.0,7705.24,7705.24,500.081,0.999616
"y_rep[16,9]",0.502375,0.00564474,0.500026,0.0,0.0,1.0,1.0,7882.43,7882.43,511.581,1.0003
"y_rep[16,10]",0.39225,0.00534031,0.488282,0.0,0.0,0.0,1.0,8366.17,8366.17,542.976,1.0001
"y_rep[17,1]",0.24175,,0.42817,0.0,0.0,0.0,1.0,8165.88,8165.88,529.976,1.00035
"y_rep[17,2]",0.292625,0.00503931,0.454996,0.0,0.0,0.0,1.0,8166.57,8166.57,530.022,0.999665
"y_rep[17,3]",0.332125,0.00529065,0.471005,0.0,0.0,0.0,1.0,7928.36,7928.36,514.561,0.999769
"y_rep[17,4]",0.227125,0.00475649,0.419,0.0,0.0,0.0,1.0,7783.57,7783.57,505.164,1.00011
"y_rep[17,5]",0.424375,,0.494279,0.0,0.0,0.0,1.0,7773.49,7773.49,504.51,0.999752
"y_rep[17,6]",0.479875,0.00573407,0.499626,0.0,0.0,0.0,1.0,7719.36,7719.36,500.997,1.00018
"y_rep[17,7]",0.45925,0.0055568,0.498368,0.0,0.0,0.0,1.0,8055.44,8055.44,522.809,1.00023
"y_rep[17,8]",0.448,0.00562723,0.49732,0.0,0.0,0.0,1.0,7840.59,7840.59,508.865,1.00024
"y_rep[17,9]",0.497875,,0.500027,0.0,0.0,0.0,1.0,8049.05,8049.05,522.394,1.00014
"y_rep[17,10]",0.384375,0.00548397,0.486478,0.0,0.0,0.0,1.0,7914.55,7914.55,513.665,1.00001
"y_rep[18,1]",0.242125,0.00490496,0.428396,0.0,0.0,0.0,1.0,7764.31,7764.31,503.914,0.999689
"y_rep[18,2]",0.29875,0.00511692,0.457739,0.0,0.0,0.0,1.0,8008.54,8008.54,519.765,1.0003
"y_rep[18,3]",0.325,0.00518813,0.468404,0.0,0.0,0.0,1.0,8180.36,8180.36,530.916,1.00016
"y_rep[18,4]",0.225375,,0.417855,0.0,0.0,0.0,1.0,7539.55,7539.55,489.327,0.99968
"y_rep[18,5]",0.4215,0.00565143,0.49383,0.0,0.0,0.0,1.0,7669.97,7669.97,497.792,1.00003
"y_rep[18,6]",0.4815,0.00558199,0.499689,0.0,0.0,0.0,1.0,8028.89,8028.89,521.086,0.999955
"y_rep[18,7]",0.46025,0.00560037,0.498449,0.0,0.0,0.0,1.0,7934.8,7934.8,514.979,1.00021
"y_rep[18,8]",0.45825,0.00544698,0.498285,0.0,0.0,0.0,1.0,8373.91,8373.91,543.478,0.999737
"y_rep[18,9]",0.485125,0.00566634,0.49981,0.0,0.0,0.0,1.0,7815.78,7815.78,507.254,1.00004
"y_rep[18,10]",0.40075,0.00557393,0.490081,0.0,0.0,0.0,1.0,7766.55,7766.55,504.06,0.999769
"y_rep[19,1]",0.240875,0.00473727,0.427641,0.0,0.0,0.0,1.0,8153.45,8153.45,529.17,0.999829
"y_rep[19,2]",0.306,0.0050865,0.460858,0.0,0.0,0.0,1.0,8212.43,8212.43,532.998,0.999594
"y_rep[19,3]",0.315,0.00535467,0.464545,0.0,0.0,0.0,1.0,7618.63,7618.63,494.46,1.00048
"y_rep[19,4]",0.22575,,0.418101,0.0,0.0,0.0,1.0,,,,
"y_rep[19,5]",0.4225,0.00535193,0.493988,0.0,0.0,0.0,1.0,8519.66,8519.66,552.938,0.999706
"y_rep[19,6]",0.4765,0.00559329,0.499479,0.0,0.0,0.0,1.0,7978.42,7978.42,517.81,0.99984
"y_rep[19,7]",0.45675,0.00561125,0.498157,0.0,0.0,0.0,1.0,7892.43,7892.43,512.23,1.00021
"y_rep[19,8]",0.45225,0.00552932,0.497746,0.0,0.0,0.0,1.0,8112.27,8112.27,526.497,0.999748
"y_rep[19,9]",0.4855,,0.499821,0.0,0.0,0.0,1.0,8077.91,8077.91,524.267,0.99977
"y_rep[19,10]",0.406,0.00550256,0.491115,0.0,0.0,0.0,1.0,7993.65,7993.65,518.798,0.999966
"y_rep[20,1]",0.2445,,0.429817,0.0,0.0,0.0,1.0,7796.73,7796.73,506.018,1.00024
"y_rep[20,2]",0.298875,0.00511324,0.457794,0.0,0.0,0.0,1.0,8019.31,8019.31,520.464,0.999696
"y_rep[20,3]",0.325875,0.00525512,0.46873,0.0,0.0,0.0,1.0,7970.99,7970.99,517.328,1.00035
"y_rep[20,4]",0.228,0.00470053,0.419569,0.0,0.0,0.0,1.0,7970.82,7970.82,517.317,1.00038
"y_rep[20,5]",0.426875,0.00571186,0.494655,0.0,0.0,0.0,1.0,7571.17,7571.17,491.379,0.999838
"y_rep[20,6]",0.48275,0.00543428,0.499734,0.0,0.0,0.0,1.0,8465.99,8465.99,549.454,1.00021
"y_rep[20,7]",0.45675,0.00557398,0.498157,0.0,0.0,0.0,1.0,7991.24,7991.24,518.642,1.00063
"y_rep[20,8]",0.46375,0.00552251,0.498715,0.0,0.0,0.0,1.0,8155.35,8155.35,529.293,0.99956
"y_rep[20,9]",0.505875,0.00555868,0.499997,0.0,0.0,1.0,1.0,8098.01,8098.01,525.572,0.999827
"y_rep[20,10]",0.402125,0.00548883,0.490358,0.0,0.0,0.0,1.0,7986.26,7986.26,518.319,1.00007
"y_rep[21,1]",0.24325,,0.429072,0.0,0.0,0.0,1.0,8170.62,8170.62,530.284,1.00001
"y_rep[21,2]",0.307875,0.00514751,0.461643,0.0,0.0,0.0,1.0,8058.12,8058.12,522.983,0.999851
"y_rep[21,3]",0.328625,,0.469743,0.0,0.0,0.0,1.0,7369.11,7369.11,478.265,1.00009
"y_rep[21,4]",0.22475,,0.417444,0.0,0.0,0.0,1.0,8093.33,8093.33,525.268,1.00033
"y_rep[21,5]",0.43025,0.00565426,0.495142,0.0,0.0,0.0,1.0,7750.8,7750.8,503.037,0.999961
"y_rep[21,6]",0.48,0.0055948,0.499631,0.0,0.0,0.0,1.0,8016.9,8016.9,520.308,0.999942
"y_rep[21,7]",0.453375,0.00563423,0.497852,0.0,0.0,0.0,1.0,7837.97,7837.97,508.695,0.999937
"y_rep[21,8]",0.456375,0.00554398,0.498124,0.0,0.0,0.0,1.0,8079.1,8079.1,524.345,1.00052
"y_rep[21,9]",0.500375,,0.500031,0.0,0.0,1.0,1.0,7970.66,7970.66,517.307,1.00005
"y_rep[21,10]",0.411125,0.0054482,0.492069,0.0,0.0,0.0,1.0,8169.53,8169.53,530.214,0.999669
"y_rep[22,1]",0.240375,,0.427338,0.0,0.0,0.0,1.0,,,,
"y_rep[22,2]",0.3125,0.00517066,0.463541,0.0,0.0,0.0,1.0,8074.54,8074.54,524.049,1.00016
"y_rep[22,3]",0.328375,0.00521849,0.469651,0.0,0.0,0.0,1.0,8104.16,8104.16,525.971,1.00007
"y_rep[22,4]",0.224375,0.00464392,0.417196,0.0,0.0,0.0,1.0,8110.02,8110.02,526.351,1.00018
"y_rep[22,5]",0.428125,0.00548621,0.494838,0.0,0.0,0.0,1.0,8140.67,8140.67,528.341,0.999708
"y_rep[22,6]",0.482625,0.00550793,0.499729,0.0,0.0,0.0,1.0,8241.21,8241.21,534.866,0.99986
"y_rep[22,7]",0.459375,0.00573332,0.498378,0.0,0.0,0.0,1.0,7598.17,7598.17,493.131,0.999662
"y_rep[22,8]",0.456875,0.00563853,0.498168,0.0,0.0,0.0,1.0,7844.25,7844.25,509.102,1.00034
"y_rep[22,9]",0.498875,,0.50003,0.0,0.0,0.0,1.0,8117.27,8117.27,526.822,0.999947
"y_rep[22,10]",0.4055,0.0054335,0.491019,0.0,0.0,0.0,1.0,8170.24,8170.24,530.26,1.00057
"y_rep[23,1]",0.24025,0.00484444,0.427262,0.0,0.0,0.0,1.0,7789.35,7789.35,505.539,1.0001
"y_rep[23,2]",0.312,0.00519461,0.463339,0.0,0.0,0.0,1.0,7957.64,7957.64,516.462,1.00007
"y_rep[23,3]",0.326125,0.00536243,0.468823,0.0,0.0,0.0,1.0,7676.49,7676.49,498.215,1.00002
"y_rep[23,4]",0.22025,,0.414441,0.0,0.0,0.0,1.0,7850.02,7850.02,509.477,0.999647
"y_rep[23,5]",0.429375,0.00537559,0.495018,0.0,0.0,0.0,1.0,8489.16,8489.16,550.958,1.00028
"y_rep[23,6]",0.485625,0.00568965,0.499825,0.0,0.0,0.0,1.0,7722.22,7722.22,501.182,0.999763
"y_rep[23,7]",0.455875,0.00565967,0.49808,0.0,0.0,0.0,1.0,7754.51,7754.51,503.278,0.99991
"y_rep[23,8]",0.45125,,0.497649,0.0,0.0,0.0,1.0,8125.12,8125.12,527.331,0.999704
"y_rep[23,9]",0.509625,0.00548536,0.499939,0.0,0.0,1.0,1.0,8315.82,8315.82,539.708,1.00002
"y_rep[23,10]",0.391875,0.00544898,0.4882,0.0,0.0,0.0,1.0,8033.24,8033.24,521.368,0.999823
"y_rep[24,1]",0.24425,0.00491585,0.429668,0.0,0.0,0.0,1.0,7647.11,7647.11,496.308,0.999884
"y_rep[24,2]",0.295875,0.00519057,0.456464,0.0,0.0,0.0,1.0,7804.21,7804.21,506.504,1.00004
"y_rep[24,3]",0.32275,0.00519155,0.467557,0.0,0.0,0.0,1.0,8116.93,8116.93,526.799,0.999723
"y_rep[24,4]",0.22725,0.00481933,0.419082,0.0,0.0,0.0,1.0,7574.39,7574.39,491.588,0.999744
"y_rep[24,5]",0.43225,0.00548969,0.49542,0.0,0.0,0.0,1.0,8168.68,8168.68,530.159,0.999891
"y_rep[24,6]",0.4805,0.00561347,0.499651,0.0,0.0,0.0,1.0,7935.97,7935.97,515.055,1.00019
"y_rep[24,7]",0.457,,0.498179,0.0,0.0,0.0,1.0,8325.34,8325.34,540.326,0.99969
"y_rep[24,8]",0.449375,,0.497462,0.0,0.0,0.0,1.0,7803.24,7803.24,506.441,0.999611
"y_rep[24,9]",0.492375,0.00566444,0.499973,0.0,0.0,0.0,1.0,7796.61,7796.61,506.011,0.999844
"y_rep[24,10]",0.395375,0.00548108,0.488962,0.0,0.0,0.0,1.0,7987.08,7987.08,518.372,1.00006
"y_rep[25,1]",0.23775,,0.425732,0.0,0.0,0.0,1.0,7862.71,7862.71,510.3,0.999861
"y_rep[25,2]",0.312375,0.00519347,0.463491,0.0,0.0,0.0,1.0,7974.16,7974.16,517.534,1.00063
"y_rep[25,3]",0.323375,0.0052489,0.467794,0.0,0.0,0.0,1.0,7951.2,7951.2,516.044,0.999927
"y_rep[25,4]",0.21925,0.0046466,0.413764,0.0,0.0,0.0,1.0,7935.37,7935.37,515.016,1.00009
"y_rep[25,5]",0.42725,0.00552863,0.49471,0.0,0.0,0.0,1.0,8011.68,8011.68,519.969,1.00037
"y_rep[25,6]",0.48075,0.00551182,0.499661,0.0,0.0,0.0,1.0,8255.15,8255.15,535.77,0.999656
"y_rep[25,7]",0.448375,0.00557173,0.497359,0.0,0.0,0.0,1.0,7975.68,7975.68,517.632,1.0
"y_rep[25,8]",0.44825,0.00554363,0.497346,0.0,0.0,0.0,1.0,8058.64,8058.64,523.016,0.999933
"y_rep[25,9]",0.50025,,0.500031,0.0,0.0,1.0,1.0,8001.91,8001.91,519.335,0.999719
"y_rep[25,10]",0.3925,0.00553412,0.488338,0.0,0.0,0.0,1.0,7826.12,7826.12,507.926,0.999795
"y_rep[26,1]",0.235625,,0.424415,0.0,0.0,0.0,1.0,8023.22,8023.22,520.718,1.00015
"y_rep[26,2]",0.306375,0.00504637,0.461016,0.0,0.0,0.0,1.0,8485.77,8485.77,550.738,1.00006
"y_rep[26,3]",0.323625,0.00527749,0.467888,0.0,0.0,0.0,1.0,7864.35,7864.35,510.407,1.00017
"y_rep[26,4]",0.211125,0.00458508,0.408132,0.0,0.0,0.0,1.0,7928.23,7928.23,514.553,0.999595
"y_rep[26,5]",0.432,0.00548571,0.495385,0.0,0.0,0.0,1.0,8177.52,8177.52,530.732,1.00052
"y_rep[26,6]",0.48775,0.00576807,0.499881,0.0,0.0,0.0,1.0,7603.4,7603.4,493.471,0.999779
"y_rep[26,7]",0.452,0.00557214,0.497722,0.0,0.0,0.0,1.0,7989.71,7989.71,518.543,0.999816
"y_rep[26,8]",0.45575,0.00547498,0.498069,0.0,0.0,0.0,1.0,8322.93,8322.93,540.169,1.00033
"y_rep[26,9]",0.498375,0.00555168,0.500029,0.0,0.0,0.0,1.0,8114.99,8114.99,526.674,1.00016
"y_rep[26,10]",0.395875,0.00549531,0.489068,0.0,0.0,0.0,1.0,7952.03,7952.03,516.097,0.999633
"y_rep[27,1]",0.240375,0.00499989,0.427338,0.0,0.0,0.0,1.0,7346.21,7346.21,476.779,0.999896
"y_rep[27,2]",0.29225,0.00532879,0.454825,0.0,0.0,0.0,1.0,7299.0,7299.0,473.715,1.00009
"y_rep[27,3]",0.320625,,0.466746,0.0,0.0,0.0,1.0,8418.58,8418.58,546.377,1.0004
"y_rep[27,4]",0.222625,,0.416035,0.0,0.0,0.0,1.0,,,,
"y_rep[27,5]",0.422875,0.00546686,0.494047,0.0,0.0,0.0,1.0,8178.1,8178.1,530.77,1.00018
"y_rep[27,6]",0.47875,0.0056918,0.499579,0.0,0.0,0.0,1.0,7766.58,7766.58,504.061,1.00002
"y_rep[27,7]",0.45875,0.00571289,0.498327,0.0,0.0,0.0,1.0,7643.68,7643.68,496.085,0.999978
"y_rep[27,8]",0.450875,0.00557888,0.497612,0.0,0.0,0.0,1.0,7985.9,7985.9,518.296,0.999982
"y_rep[27,9]",0.494375,0.00551954,0.5,0.0,0.0,0.0,1.0,8225.02,8225.02,533.815,1.00041
"y_rep[27,10]",0.39325,,0.488502,0.0,0.0,0.0,1.0,7716.76,7716.76,500.828,1.00002
"y_rep[28,1]",0.2355,,0.424337,0.0,0.0,0.0,1.0,8272.13,8272.13,536.873,0.999654
"y_rep[28,2]",0.3,0.00503279,0.458286,0.0,0.0,0.0,1.0,8313.11,8313.11,539.532,1.00002
"y_rep[28,3]",0.319625,0.00516256,0.46636,0.0,0.0,0.0,1.0,8172.12,8172.12,530.381,0.999981
"y_rep[28,4]",0.233125,,0.422848,0.0,0.0,0.0,1.0,7788.53,7788.53,505.486,1.0005
"y_rep[28,5]",0.435625,0.00549509,0.49587,0.0,0.0,0.0,1.0,8147.9,8147.9,528.809,0.999866
"y_rep[28,6]",0.48475,0.00546837,0.499799,0.0,0.0,0.0,1.0,8357.4,8357.4,542.406,1.00061
"y_rep[28,7]",0.459875,0.00566365,0.498419,0.0,0.0,0.0,1.0,7751.73,7751.73,503.098,0.999806
"y_rep[28,8]",0.45225,0.00563484,0.497746,0.0,0.0,0.0,1.0,7819.28,7819.28,507.482,1.00023
"y_rep[28,9]",0.4895,0.00551861,0.499921,0.0,0.0,0.0,1.0,8214.3,8214.3,533.119,1.00018
"y_rep[28,10]",0.404875,0.00563151,0.490899,0.0,0.0,0.0,1.0,7622.02,7622.02,494.679,1.00062
"y_rep[29,1]",0.236,0.00490245,0.424649,0.0,0.0,0.0,1.0,7510.69,7510.69,487.454,1.00004
"y_rep[29,2]",0.303375,,0.459745,0.0,0.0,0.0,1.0,8080.73,8080.73,524.45,1.00012
"y_rep[29,3]",0.3175,0.00509012,0.465533,0.0,0.0,0.0,1.0,8376.06,8376.06,543.618,0.99992
"y_rep[29,4]",0.223125,,0.416368,0.0,0.0,0.0,1.0,,,,
"y_rep[29,5]",0.423625,,0.494163,0.0,0.0,0.0,1.0,8310.14,8310.14,539.339,1.00018
"y_rep[29,6]",0.477125,0.00566921,0.499508,0.0,0.0,0.0,1.0,7766.09,7766.09,504.029,0.99985
"y_rep[29,7]",0.45325,0.00560427,0.497841,0.0,0.0,0.0,1.0,7902.36,7902.36,512.874,0.999922
"y_rep[29,8]",0.45575,,0.498069,0.0,0.0,0.0,1.0,7911.47,7911.47,513.465,0.999959
"y_rep[29,9]",0.48975,0.00549944,0.499926,0.0,0.0,0.0,1.0,8275.73,8275.73,537.106,0.999605
"y_rep[29,10]",0.3915,0.00532706,0.488116,0.0,0.0,0.0,1.0,8400.53,8400.53,545.206,0.999827
"y_rep[30,1]",0.2475,0.00476514,0.431587,0.0,0.0,0.0,1.0,8243.76,8243.76,535.031,1.00047
"y_rep[30,2]",0.306,0.00527888,0.460858,0.0,0.0,0.0,1.0,7626.61,7626.61,494.977,1.00002
"y_rep[30,3]",0.32275,0.00525369,0.467557,0.0,0.0,0.0,1.0,7962.95,7962.95,516.806,0.999986
"y_rep[30,4]",0.22925,0.00464834,0.420377,0.0,0.0,0.0,1.0,8187.7,8187.7,531.393,0.999897
"y_rep[30,5]",0.4265,0.00552703,0.494599,0.0,0.0,0.0,1.0,8018.09,8018.09,520.385,0.999949
"y_rep[30,6]",0.483,0.00573492,0.499742,0.0,0.0,0.0,1.0,7630.53,7630.53,495.231,1.00026
"y_rep[30,7]",0.456375,0.00548025,0.498124,0.0,0.0,0.0,1.0,8273.55,8273.55,536.965,0.999831
"y_rep[30,8]",0.45725,,0.4982,0.0,0.0,0.0,1.0,7966.99,7966.99,517.068,0.999848
"y_rep[30,9]",0.49375,0.00544826,0.499992,0.0,0.0,0.0,1.0,8400.65,8400.65,545.213,0.999861
"y_rep[30,10]",0.40825,,0.491541,0.0,0.0,0.0,1.0,7925.69,7925.69,514.388,1.00091
